Logistics Option,Logistics Approach,Provider Bucket,Fulfillment Chain,Packing Method,Transport Carrier,Packing Handler,Next Step,Evaluation Status,Estimated Cost Total,Estimated Cost Breakdown,Excluded / Unknown Costs,Notes,Contact Method,Contact Details
DHL Direct — Rolled,Carrier Direct,Sotheby's Packs,Sotheby's → DHL → Recipient,Rolled,DHL,Sotheby's,"Ask Sotheby's whether it or Helu-Trans can safely de-stretch and roll the acrylic canvas, then obtain packed dimensions and a fresh DHL quote.",Research,300,Planning estimate for DHL transport: USD 300; not a received quote.,"Packing, insurance, brokerage, duties or tariffs, and destination charges.",This route only works if Sotheby's or its warehouse prepares and labels the rolled shipment. Confirm direct carrier release before booking.,,
FedEx Direct — Rolled,Carrier Direct,Sotheby's Packs,Sotheby's → FedEx → Recipient,Rolled,FedEx,Sotheby's,"Ask Sotheby's whether it or Helu-Trans can safely de-stretch and roll the acrylic canvas, then obtain packed dimensions and a fresh FedEx quote.",Research,300,Planning estimate for FedEx transport: USD 300; not a received quote.,"Packing, insurance, brokerage, duties or tariffs, and destination charges.",This route only works if Sotheby's or its warehouse prepares and labels the rolled shipment. Confirm direct carrier release before booking.,,
Sotheby's Managed Quote — Crated,Sotheby's Managed,Sotheby's Packs,Sotheby's → Appointed Carrier → Recipient,Crated,Sotheby's appointed carrier,Sotheby's,Request a fresh managed quote and ask for a second quote based on safe rolling; the prior quote expired on 28 June 2026.,Research,3730,"Expired baseline: HKD 28,250 shipping + HKD 900 transit risk = HKD 29,150 (about USD 3,730).","Duties or tariffs, unpacking, inside delivery, and current storage fees; HKD 5,000 deductible.",Least-coordination baseline. Existing service was kerbside or building-entrance delivery and excluded unpacking.,,
Helu-Trans (HK) — Managed Art Shipping,Fine-Art Logistics,Fine-Art Shipper,Sotheby's/Helu-Trans warehouse → Helu-Trans → US partner → Recipient,Rolled or Crated,Helu-Trans or appointed carrier,Helu-Trans,"Request itemized rolled and crated quotes, including preparation, export, air freight, customs, insurance, and Palm Beach delivery.",Research,,Quote required.,"US partner, duties or tariffs, storage fees, deductible, and inside-delivery scope.","The painting is already at Helu-Trans, reducing local pickup coordination. Verify direct-buyer quoting. Source: https://icefat.org/member/helu-trans-hk-pte-ltd/",Email,info-hk@helutrans.com
Lotus Fine Arts (HK) — Managed Art Shipping,Fine-Art Logistics,Fine-Art Shipper,Sotheby's/Helu-Trans warehouse → Lotus Fine Arts → US partner → Recipient,Rolled or Crated,Lotus Fine Arts or appointed carrier,Lotus Fine Arts,Request itemized rolled and crated quotes and confirm the US delivery partner and responsibility for each handoff.,Research,,Quote required.,"US partner, duties or tariffs, insurance terms, and inside-delivery scope.",Confirm that Lotus will de-stretch the acrylic canvas in-house and supervise the work. Source: https://www.artim.org/directory/hong-kong/lotus-fine-arts-ltd/,Email,Enquiry@lotus-art.com
Premier International Movers (HK) — Managed Shipping,Fine-Art Logistics,Fine-Art Shipper,Sotheby's/Helu-Trans warehouse → Premier International Movers → US partner → Recipient,Rolled or Crated,Premier International Movers or appointed carrier,Premier International Movers,"Request itemized rolled and crated quotes and confirm fine-art handling credentials, insurance, and the US delivery arrangement.",Research,,Quote required.,"Fine-art handling method, US partner, duties or tariffs, insurance terms, and inside delivery.",Hong Kong packing and freight option with auction-house shipping services; capability for this acrylic must be confirmed. Source: https://www.pim.hk/,Email,premierintl@biznetvigator.com
Zerrand — Local Errand Coordination,Task / Errand Coordination,Task / Errand Service,Sotheby's/Helu-Trans warehouse → Zerrand → Qualified art packer → International carrier → Recipient,Rolled or Crated,Carrier to be selected,Qualified fine-art packer to be arranged,"Ask whether Zerrand can collect under Sotheby's authorization, coordinate a qualified art packer, and hand the packed work to an international carrier.",Research,,Quote required for local task work and any coordinated vendors.,"Art packing, carrier charge, insurance, customs, duties or tariffs, and final-mile delivery unless expressly included.",Errand coordinator only; do not assume it can roll or crate artwork. Official spelling is Zerrand. Source: https://www.zerrand.com/en/contact-us/,Email,contact@zerrand.com
Lightning Errands — Local Pickup Coordination,Task / Errand Coordination,Task / Errand Service,Sotheby's/Helu-Trans warehouse → Lightning Errands → Qualified art packer → International carrier → Recipient,Rolled or Crated,Carrier to be selected,Qualified fine-art packer to be arranged,"Ask whether Lightning Errands can collect under Sotheby's authorization, stay with the item through packing, and hand it to the selected carrier.",Research,,Quote required for local task work and any coordinated vendors.,"Art packing, carrier charge, insurance, customs, duties or tariffs, and final-mile delivery unless expressly included.","Hong Kong runner offering delivery, buying, and queuing help; artwork capability is unconfirmed. Use the provided SMS contact. Service overview: https://lightningerrands.wixsite.com/service",SMS,+852 5555 0101
Care Compass — Local Concierge Coordination,Task / Errand Coordination,Task / Errand Service,Sotheby's/Helu-Trans warehouse → Care Compass → Qualified art packer → International carrier → Recipient,Rolled or Crated,Carrier to be selected,Qualified fine-art packer to be arranged,"Ask whether Care Compass can arrange authorized collection, supervise the handoff to a qualified art packer, and coordinate carrier pickup.",Research,,Quote required for concierge time and any coordinated vendors.,"Art packing, carrier charge, insurance, customs, duties or tariffs, and final-mile delivery unless expressly included.","Hong Kong concierge offering errands, shopping, and transport arrangements; artwork capability is unconfirmed. Use the provided SMS contact. Service overview: https://www.carecompasshk.com/concierge-services",SMS,+852 5555 0102
